,City,Cloudiness,Country,Date,Humidity,Lat,Lng,Max Temp,Wind Speed
0,Boyolangu,36,ID,1547963934,92,-8.09,111.9,81.12,5.95
1,Keskin,80,TR,1547964508,86,39.67,33.62,24.15,2.82
2,Esperance,20,TT,1547960400,94,10.24,-61.45,71.6,5.17
3,Rikitea,92,PF,1547963936,99,-23.12,-134.97,80.22,13.56
4,Nikolskoye,20,RU,1547962200,85,59.7,30.79,24.8,11.18
5,Ushuaia,40,AR,1547960400,61,-54.81,-68.31,46.4,5.82
6,Mataura,100,NZ,1547963935,96,-46.19,168.86,54.21,24.07
7,Palmer,0,AU,1547962200,50,-34.85,139.16,78.8,18.34
8,Omboue,48,GA,1547964517,100,-1.57,9.26,80.4,3.04
9,Carnarvon,0,ZA,1547963988,42,-30.97,22.13,56.1,9.42
10,Qaanaaq,0,GL,1547963948,100,77.48,-69.36,-26.52,10.98
11,Albany,90,US,1547963520,79,42.65,-73.75,23.0,3.36
12,Kodiak,1,US,1547962500,55,39.95,-94.76,8.96,6.4
13,Kavieng,88,PG,1547964099,100,-2.57,150.8,79.23,9.42
14,Saint-Philippe,90,CA,1547962920,70,45.36,-73.48,-5.81,20.8
15,Punta Arenas,20,CL,1547960400,92,-53.16,-70.91,48.2,19.46
16,Tecoanapa,90,MX,1547962980,94,16.99,-99.26,75.2,2.24
17,Nata,40,CY,1547962200,81,34.78,32.57,51.8,9.17
18,Sioux Lookout,5,CA,1547960400,73,50.1,-91.92,-23.81,4.7
19,Kapaa,75,US,1547960160,78,22.08,-159.32,73.94,14.99
20,Port Hardy,40,CA,1547960400,100,50.7,-127.42,35.6,2.24
21,Mahebourg,20,MU,1547960400,74,-20.41,57.7,84.2,14.99
22,Puerto Ayora,92,EC,1547963946,100,-0.74,-90.35,76.8,7.85
23,Leningradskiy,48,RU,1547964032,79,69.38,178.42,-7.71,15.23
24,Tiksi,36,RU,1547963953,0,71.64,128.87,-43.8,2.71
25,Ribeira Grande,64,PT,1547964539,97,38.52,-28.7,62.67,7.52
26,Jamestown,0,AU,1547963993,82,-33.21,138.6,77.34,5.39
27,Oksfjord,56,NO,1547963400,84,70.24,22.35,24.8,13.87
28,Norman Wells,40,CA,1547960400,75,65.28,-126.83,-20.21,3.36
29,Chuy,0,UY,1547964123,93,-33.69,-53.46,62.31,9.53
30,Hilo,1,US,1547959980,84,19.71,-155.08,71.06,18.25
31,Sitamau,0,IN,1547964549,52,24.01,75.35,76.08,6.17
32,Katsuura,75,JP,1547961780,71,33.93,134.5,53.6,24.16
33,New Norfolk,0,AU,1547962200,26,-42.78,147.06,80.6,18.34
34,Alcantara,92,PH,1547964553,100,9.97,123.41,77.07,18.37
35,Khatanga,64,RU,1547963999,77,71.98,102.47,-12.21,6.96
36,Kargil,64,PK,1547964556,87,34.56,76.13,4.08,1.7
37,Koflach,75,AT,1547963400,92,47.07,15.08,26.6,2.24
38,East London,75,ZA,1547960400,63,-33.02,27.91,62.6,4.7
39,Princeton,1,US,1547963700,69,41.37,-89.46,11.12,10.29
40,Bredasdorp,24,ZA,1547960400,63,-34.53,20.04,60.8,5.82
41,Fonte Boa,48,BR,1547964563,98,-2.51,-66.09,74.73,2.59
42,Yulara,68,AU,1547960400,11,-25.24,130.99,105.8,14.99
43,Tura,0,IN,1547964309,69,25.52,90.21,71.04,3.38
44,Saint-Pierre,80,FR,1547962200,81,48.95,4.24,35.6,5.82
45,Merauke,48,ID,1547964568,92,-8.49,140.4,83.73,6.4
46,Mount Gambier,0,AU,1547960400,53,-37.83,140.78,77.0,16.11
47,Pevek,36,RU,1547964570,100,69.7,170.27,-22.92,5.84
48,Atuona,80,PF,1547964056,100,-9.8,-139.03,80.58,15.23
49,Manggar,92,ID,1547964089,97,-2.88,108.27,80.49,10.87
50,Siilinjarvi,90,FI,1547963400,83,63.08,27.67,-9.41,9.17
51,Khasan,12,RU,1547964575,81,42.43,130.64,19.56,18.48
52,Vaini,0,IN,1547960400,41,15.34,74.49,77.0,9.17
53,Flinders,75,AU,1547960400,65,-34.58,150.85,77.0,11.41
54,Hobart,0,AU,1547962200,26,-42.88,147.33,80.6,18.34
55,Te Anau,92,NZ,1547964122,95,-45.41,167.72,51.15,13.33
56,Thompson,5,CA,1547960400,73,55.74,-97.86,-32.81,4.94
57,Barrow,0,AR,1547964036,66,-38.31,-60.23,63.3,13.33
58,Mahajanga,20,MG,1547960400,78,-15.72,46.32,82.4,4.7
59,Hovd,40,NO,1547963400,87,63.83,10.7,32.0,12.75
60,Mar del Plata,0,AR,1547964587,37,-46.43,-67.52,71.04,18.48
61,Lorengau,92,PG,1547964588,100,-2.02,147.27,80.04,9.98
62,Provideniya,80,RU,1547964052,100,64.42,-173.23,13.35,7.18
63,Cabo San Lucas,5,MX,1547959320,55,22.89,-109.91,66.2,9.17
64,Avarua,75,CK,1547960400,78,-21.21,-159.78,82.4,3.36
65,Upernavik,56,GL,1547964594,100,72.79,-56.15,-8.52,9.64
66,Progreso,0,UY,1547960400,77,-34.68,-56.22,62.6,10.42
67,San Cristobal,75,EC,1547960400,100,-0.39,-78.55,55.4,5.82
68,Sorland,36,NO,1547964598,100,67.67,12.69,36.39,23.17
69,Joensuu,90,FI,1547963400,76,62.6,29.76,-11.21,4.7
70,Dzhebariki-Khaya,0,RU,1547964133,0,62.22,135.8,-47.67,2.48
71,Maykop,48,RU,1547964327,82,44.61,40.1,28.65,2.26
72,Waipawa,0,NZ,1547964057,48,-39.94,176.59,67.71,20.15
73,Samarai,92,PG,1547964607,100,-10.62,150.67,79.41,15.23
74,Torbay,40,CA,1547960400,72,47.66,-52.73,14.0,11.41
75,Butaritari,88,KI,1547964610,100,3.07,172.79,82.92,14.9
76,Busselton,0,AU,1547964611,62,-33.64,115.35,84.63,6.06
77,Broken Hill,80,AU,1547960400,16,-31.97,141.45,86.0,16.11
78,Manuk Mangkaw,0,PH,1547964614,99,4.8,119.85,83.1,13.22
79,San Rafael,0,AR,1547964616,54,-34.61,-68.33,66.36,8.41
80,Khandyga,0,RU,1547964617,0,62.65,135.58,-47.67,2.48
81,Airai,88,TL,1547964618,86,-8.93,125.41,76.71,2.26
82,Sarakhs,75,TM,1547960400,86,36.54,61.16,33.8,11.41
83,Port Lincoln,24,AU,1547964621,71,-34.72,135.86,74.1,12.77
84,Nantucket,90,US,1547963580,100,41.28,-70.1,37.04,17.22
85,Talnakh,64,RU,1547964624,71,69.49,88.39,0.66,12.1
86,Qingyuan,88,CN,1547964625,92,27.62,119.06,54.3,2.48
87,Hermanus,24,ZA,1547964626,74,-34.42,19.24,56.28,3.83
88,Hithadhoo,88,MV,1547964628,100,-0.6,73.08,79.41,7.74
89,Mecca,0,SA,1547964572,61,21.43,39.83,67.26,4.38
90,Igrim,76,RU,1547964631,84,63.19,64.42,17.04,5.06
91,Cape Town,0,ZA,1547960400,63,-33.93,18.42,60.8,5.82
92,Along,0,IN,1547964633,28,28.17,94.8,67.8,0.69
93,Kruisfontein,0,ZA,1547964635,78,-34.0,24.73,64.38,5.17
94,Banda Aceh,64,ID,1547964636,80,5.56,95.32,83.01,5.17
95,Bethel,90,US,1547960460,83,60.79,-161.76,12.92,6.93
96,Santa Marinella,75,IT,1547963400,93,42.04,11.87,46.4,5.82
97,Slave Lake,90,CA,1547960400,77,55.28,-114.77,6.8,12.75
98,San Jose,0,PH,1547964642,69,15.79,120.99,80.94,4.72
99,Bluff,0,AU,1547964644,31,-23.58,149.07,94.26,14.79
100,Taoudenni,0,ML,1547964645,47,22.68,-3.98,34.59,2.93
101,Yumen,0,CN,1547964647,97,40.29,97.04,21.54,2.59
102,Yar-Sale,0,RU,1547964648,72,66.83,70.83,-6.0,4.83
103,Ostrovnoy,8,RU,1547964649,77,68.05,39.51,-12.57,2.71
104,Avezzano,76,IT,1547960100,100,42.03,13.43,23.0,1.12
105,Bathsheba,40,BB,1547960400,73,13.22,-59.52,77.0,12.75
106,Port Elizabeth,90,US,1547964240,96,39.31,-74.98,46.4,11.41
107,Batagay-Alyta,56,RU,1547964654,0,67.8,130.41,-41.19,2.71
108,Kudahuvadhoo,0,MV,1547964656,100,2.67,72.89,81.03,14.23
109,Poya,8,NC,1547964657,95,-21.35,165.16,78.51,22.28
110,Vila Velha,20,BR,1547960400,94,-3.71,-38.6,77.0,3.36
111,Barra do Garcas,24,BR,1547964660,91,-15.89,-52.26,71.13,3.38
112,Aswan,0,EG,1547963926,94,24.09,32.9,44.58,3.15
113,Kenai,1,US,1547960160,87,60.55,-151.26,1.94,3.36
114,Lagoa,20,PT,1547962200,82,37.14,-8.45,55.4,14.99
115,Coihaique,0,CL,1547960400,67,-45.58,-72.07,57.2,2.24
116,Lompoc,1,US,1547962500,93,34.64,-120.46,57.92,3.36
117,Ostersund,80,SE,1547963400,85,63.18,14.64,21.2,9.17
118,Laredo,1,US,1547963760,65,27.51,-99.51,53.06,3.36
119,Plettenberg Bay,0,ZA,1547964670,100,-34.05,23.37,63.39,6.51
120,Shenjiamen,0,CN,1547964671,98,29.96,122.3,48.09,23.51
121,Ziro,20,IN,1547962200,53,27.54,93.82,73.4,5.82
122,Lebu,0,ET,1547964674,53,8.96,38.73,56.01,3.94
123,Nsoko,80,ZA,1547960400,68,-27.07,31.93,69.8,12.75
124,Dikson,76,RU,1547964677,100,73.51,80.55,6.6,5.95
125,Castro,0,CL,1547960400,100,-42.48,-73.76,51.8,3.36
126,Tuatapere,56,NZ,1547964113,100,-46.13,167.69,54.12,25.41
127,Necochea,0,AR,1547964681,79,-38.55,-58.74,59.61,13.67
128,Geraldton,5,CA,1547962020,66,49.72,-86.95,-29.21,2.24
129,Tual,88,ID,1547964684,100,-5.67,132.75,79.59,17.25
130,Senneterre,1,CA,1547960400,73,48.39,-77.24,-31.01,2.24
131,Purepero,8,MX,1547964687,82,19.92,-102.02,42.69,1.92
132,Oistins,40,BB,1547960400,73,13.07,-59.53,77.0,12.75
133,Mahibadhoo,12,MV,1547964690,100,3.78,72.97,80.67,11.43
134,Revelstoke,90,CA,1547962560,87,50.99,-118.19,32.0,2.24
135,Kiruna,0,SE,1547961600,84,67.86,20.23,1.4,3.04
136,Broome,0,GB,1547963760,92,52.47,1.45,26.6,1.12
137,Vestmanna,12,FO,1547963400,80,62.16,-7.17,39.2,13.87
138,Imeni Vorovskogo,75,RU,1547962200,85,55.72,38.34,23.0,11.18
139,Mezen,32,RU,1547964433,77,65.85,44.24,-3.84,3.49
140,West Wendover,1,US,1547960160,88,40.74,-114.07,28.04,2.48
141,Asosa,0,ET,1547964701,30,10.07,34.53,71.13,4.38
142,Arraial do Cabo,48,BR,1547964702,91,-22.97,-42.02,76.53,13.56
143,Gazimurskiy Zavod,12,RU,1547964703,58,51.55,118.33,15.6,5.5
144,Cidreira,76,BR,1547964705,95,-30.17,-50.22,69.78,10.2
145,Pangody,32,RU,1547964706,67,65.85,74.49,-4.83,4.83
146,Pisco,0,PE,1547960400,83,-13.71,-76.2,71.6,9.17
147,Deputatskiy,0,RU,1547964709,0,69.3,139.9,-62.25,2.59
148,Luderitz,0,NA,1547964710,55,-26.65,15.16,64.29,9.98
149,Berlevag,88,NO,1547964711,100,70.86,29.09,22.08,8.3
150,Cayenne,75,GF,1547962200,83,4.94,-52.33,78.8,10.29
151,Tecpan,0,GT,1547964000,77,14.76,-90.99,62.6,11.41
152,Sotouboua,80,TG,1547964715,96,8.56,0.98,70.68,6.73
153,Mount Isa,0,AU,1547962200,16,-20.73,139.49,107.6,14.99
154,Khorinsk,8,RU,1547964718,61,52.16,109.78,12.54,3.38
155,Luorong,100,CN,1547964719,100,24.41,109.6,48.18,13.0
156,Port Alfred,44,ZA,1547964721,100,-33.59,26.89,61.77,5.39
157,Nemuro,75,JP,1547960400,63,43.32,145.57,26.6,4.7
158,Nsanje,92,MZ,1547964724,100,-16.92,35.26,73.11,4.16
159,Grindavik,75,IS,1547964000,100,63.84,-22.43,32.0,20.8
160,Pangkalanbuun,76,ID,1547964726,92,-2.68,111.62,82.2,4.16
161,Ilulissat,88,GL,1547963400,77,69.22,-51.1,-0.41,11.41
162,Roald,0,NO,1547961600,100,62.58,6.12,32.0,10.29
163,Verkhoyansk,48,RU,1547964731,0,67.55,133.39,-51.99,2.59
164,Komsomolskiy,80,RU,1547964732,92,67.55,63.78,11.91,10.65
165,Hasaki,20,JP,1547962200,54,35.73,140.83,55.4,9.17
166,Campeche,75,MX,1547963760,88,19.84,-90.54,73.4,11.41
167,Inhambane,75,MZ,1547960400,100,-23.87,35.38,75.2,20.8
168,Maragogi,92,BR,1547964738,100,-9.01,-35.22,75.18,3.27
169,Charagua,12,BO,1547964739,83,-19.79,-63.2,65.55,7.29
170,La Rioja,24,AR,1547964740,70,-29.41,-66.86,67.71,3.38
171,Meulaboh,76,ID,1547964742,100,4.14,96.13,79.5,5.84
172,Vanavara,20,RU,1547964743,66,60.35,102.28,14.16,6.29
173,Nakhon Phanom,0,LA,1547960400,45,17.4,104.79,86.0,5.82
174,Namatanai,88,PG,1547964746,100,-3.66,152.44,81.03,12.33
175,Georgetown,100,GY,1547964467,97,6.8,-58.16,73.65,6.85
176,Rylsk,68,RU,1547964749,81,51.57,34.68,17.94,8.19
177,Iki-Burul,75,RU,1547962200,98,45.82,44.65,32.0,8.95
178,Yellowknife,90,CA,1547962500,76,62.45,-114.38,-4.01,18.34
179,Tyret Pervaya,8,RU,1547964753,71,53.67,102.31,13.98,4.05
180,Dwarka,40,IN,1547962200,46,28.58,77.04,71.6,4.61
181,La Ligua,0,CL,1547960400,87,-32.45,-71.23,55.4,5.82
182,Vao,80,EE,1547964757,83,59.1,26.19,23.25,17.25
183,Hambantota,75,LK,1547961000,66,6.12,81.12,84.2,6.93
184,Clyde River,90,CA,1547961720,82,70.47,-68.59,-20.21,11.65
185,Saskylakh,76,RU,1547964761,89,71.97,114.09,-20.76,10.54
186,Dongsheng,92,CN,1547964762,72,29.72,112.52,45.03,13.67
187,Zlitan,0,LY,1547964764,100,32.47,14.57,36.66,4.61
188,Waikuku,0,NZ,1547964000,30,-43.29,172.68,71.6,18.34
189,Touros,40,BR,1547960400,83,-5.2,-35.46,78.8,3.36
190,Tucuman,100,PE,1547964768,81,-17.17,-70.89,61.05,1.59
191,Tasiilaq,20,GL,1547963400,73,65.61,-37.64,21.2,4.7
192,Soligalich,68,RU,1547964770,76,59.08,42.29,13.08,10.65
193,Lusambo,48,CD,1547964772,91,-4.97,23.44,72.75,2.71
194,Gimbi,8,ET,1547964773,43,8.81,37.79,60.24,3.38
195,Itaberai,56,BR,1547964774,89,-16.02,-49.81,68.34,1.7
196,Faya,40,SA,1547964000,67,18.39,42.45,60.8,6.93
197,Zhucheng,32,CN,1547960400,52,30.85,114.8,46.4,6.71
198,Rosarito,40,CO,1547960400,83,4.91,-75.23,69.8,5.82
199,Denpasar,20,ID,1547962200,74,-8.65,115.22,86.0,8.05
200,Sinnamary,100,GF,1547964781,96,5.38,-52.96,78.78,12.77
201,Lima Duarte,48,BR,1547964782,88,-21.84,-43.79,65.46,3.94
202,Orange Cove,20,US,1547963760,86,36.62,-119.31,51.98,1.81
203,Nuuk,80,GL,1547959800,72,64.17,-51.74,17.6,4.7
204,Zyryanka,32,RU,1547964786,0,65.73,150.89,-40.92,2.37
205,Tuburan,90,PH,1547960400,83,10.73,123.82,82.4,9.17
206,Petropavlovka,32,RU,1547964789,53,50.61,105.32,17.85,3.71
207,Noumea,20,NC,1547964000,54,-22.28,166.46,84.2,20.8
208,Nome,1,US,1547963700,66,30.04,-94.42,37.04,16.11
209,Port Blair,44,IN,1547964793,99,11.67,92.75,82.83,15.46
210,Cordoba,20,CO,1547964648,85,5.59,-73.79,43.23,2.26
211,Nanhai,88,CN,1547964796,79,30.13,111.78,44.4,9.98
212,Tessalit,0,ML,1547964797,35,20.2,1.01,37.56,7.85
213,Nortelandia,36,BR,1547964798,95,-14.45,-56.8,73.2,3.71
214,Fortuna,75,ES,1547962200,93,38.18,-1.13,50.0,5.82
215,Kasongo,92,CD,1547964801,91,-4.43,26.67,71.49,3.15
216,Gat,8,SN,1547962200,35,14.69,-16.54,62.6,12.75
217,Antsohihy,92,MG,1547964804,100,-14.88,47.99,75.18,3.71
218,Tuktoyaktuk,75,CA,1547960400,76,69.44,-133.03,-4.01,8.05
219,Lavrentiya,56,RU,1547964806,97,65.58,-170.99,0.3,9.75
220,Quetame,75,CO,1547960400,81,4.33,-73.86,53.6,4.7
221,Chokurdakh,24,RU,1547964809,0,70.62,147.9,-42.45,2.48
222,Mugur-Aksy,32,RU,1547964810,57,50.38,90.44,5.61,2.71
223,Sabha,0,LY,1547964812,93,27.03,14.43,48.81,8.19
224,Antofagasta,75,CL,1547960400,82,-23.65,-70.4,62.6,4.7
225,Marsh Harbour,8,BS,1547964814,100,26.54,-77.06,74.46,17.36
226,Samana,92,EC,1547964816,99,0.12,-76.97,68.88,2.26
227,Abu Dhabi,75,AE,1547960400,55,24.47,54.37,66.2,14.99
228,Bambous Virieux,40,MU,1547964000,66,-20.34,57.76,86.0,16.11
229,Strezhevoy,90,RU,1547962200,85,60.73,77.6,19.4,6.71
230,Tautira,75,PF,1547964000,69,-17.73,-149.15,82.4,3.36
231,Yerkoy,68,TR,1547964822,75,39.64,34.47,17.31,2.59
232,Esso,68,RU,1547964824,87,55.93,158.7,18.93,7.4
233,Las Palmas,48,PE,1547964825,98,-6.53,-76.35,71.58,1.92
234,Paramonga,44,PE,1547964827,100,-10.68,-77.82,69.42,5.39
235,Kommunar,20,RU,1547962200,85,59.62,30.39,24.8,11.18
236,Barpali,0,IN,1547964829,70,21.2,83.58,75.72,4.61
237,Benguela,32,AO,1547964830,100,-12.58,13.4,75.63,3.38
238,Okha,32,RU,1547964832,95,53.59,142.95,0.3,19.15
239,Juruti,92,BR,1547964833,98,-2.16,-56.09,74.01,1.59
240,Lima,40,PE,1547960400,88,-12.06,-77.04,69.8,6.93
241,Nexo,8,DK,1547963400,100,55.06,15.13,35.6,13.87
242,Kalianget,40,ID,1547962200,88,-7.35,109.91,80.6,4.7
243,Vardo,90,US,1547964000,100,39.62,-77.74,35.96,6.93
244,Camacha,75,PT,1547962200,82,33.08,-16.33,60.8,20.8
245,Pangai,75,TO,1547964000,83,-19.8,-174.35,82.4,11.41
246,Yaan,0,NG,1547964842,89,7.38,8.57,69.51,4.5
247,Aloleng,0,PH,1547964844,82,16.13,119.78,84.81,5.17
248,Miri,8,NG,1547964845,58,10.31,9.75,54.21,2.82
249,Baicheng,8,CN,1547964846,36,45.61,122.87,24.78,7.4
250,Boa Vista,75,BR,1547960400,65,2.82,-60.67,82.4,10.29
251,College,90,US,1547964240,83,64.86,-147.8,-0.05,3.04
252,Pangnirtung,12,CA,1547964851,55,66.15,-65.72,-32.46,3.38
253,Bhandaria,0,BD,1547964853,59,22.49,90.06,76.89,5.73
254,Gararu,12,BR,1547964854,96,-9.97,-37.08,70.68,3.27
255,Severo-Kurilsk,88,RU,1547964855,95,50.68,156.12,33.24,12.21
256,Chopovychi,80,UA,1547964857,78,50.83,28.95,17.4,3.15
257,Ponta do Sol,32,BR,1547964858,94,-20.63,-46.0,65.1,3.94
258,Rawlins,20,US,1547962500,78,41.79,-107.24,32.0,32.21
259,Kano,0,NG,1547960400,45,11.99,8.53,62.6,4.7
260,Hermon,88,GB,1547959800,100,51.96,-4.61,42.8,3.36
261,Kalabo,44,ZM,1547964863,97,-15.0,22.67,68.34,7.18
262,Yen Bai,76,VN,1547964864,98,21.7,104.87,66.72,3.04
263,Little Current,1,CA,1547960400,57,45.98,-81.93,-9.41,13.87
264,Sao Filipe,8,CV,1547964867,98,14.9,-24.5,70.59,17.81
265,Saldanha,0,PT,1547964868,93,41.42,-6.55,32.97,5.95
266,Oussouye,24,SN,1547964870,86,12.49,-16.54,70.68,16.69
267,Naze,0,NG,1547964871,93,5.43,7.07,74.01,5.73
268,Tabuk,0,PH,1547964872,69,17.41,121.44,74.73,2.59
269,Ecoporanga,0,BR,1547964874,90,-18.37,-40.83,70.68,7.63
270,Narsaq,20,GL,1547963400,47,60.91,-46.05,15.8,20.8
271,Marsabit,0,KE,1547964876,67,2.34,37.99,79.05,3.94
272,Kaitangata,64,NZ,1547964878,85,-46.28,169.85,56.55,25.64
273,Utiel,75,ES,1547962200,76,39.57,-1.21,50.0,3.36
274,Malanje,64,AO,1547964880,94,-9.54,16.35,66.9,3.6
275,Kutum,0,SD,1547964882,74,14.2,24.66,50.43,4.27
276,Sumbe,8,AO,1547964883,100,-11.2,13.84,76.71,2.71
277,Pringsewu,24,ID,1547964884,78,-5.36,104.98,83.55,3.15
278,Iqaluit,5,CA,1547962260,74,63.75,-68.52,-23.81,4.7
279,Puerto Escondido,76,MX,1547964887,100,15.86,-97.07,81.21,3.38
280,Kungsbacka,92,SE,1547963400,92,57.49,12.08,30.2,3.36
281,Kaseda,75,JP,1547964240,54,31.42,130.32,53.6,21.92
282,Tikrit,0,IQ,1547964891,74,34.62,43.68,33.06,2.71
283,Ridgecrest,1,US,1547963760,82,35.62,-117.67,46.04,6.93
284,Nhulunbuy,75,AU,1547962200,79,-12.18,136.78,86.0,10.29
285,Bemidji,1,US,1547963700,76,47.48,-94.89,-9.94,3.15
286,Wenatchee,90,US,1547964180,92,47.42,-120.31,35.06,4.7
287,Longyearbyen,20,NO,1547959800,64,78.22,15.63,-2.21,5.82
288,Lasa,40,CY,1547962200,81,34.92,32.53,51.8,9.17
289,Rawson,0,AR,1547964900,19,-43.3,-65.11,78.24,12.66
290,San Patricio,12,PY,1547964902,89,-26.98,-56.83,67.71,4.16
291,Qandala,12,SO,1547964903,91,11.47,49.87,69.06,1.14
292,Chernigovka,56,RU,1547964905,66,44.34,132.57,10.65,12.21
293,Udachnyy,56,RU,1547964906,80,66.42,112.4,-9.42,2.59
294,Kahului,20,US,1547964540,81,20.89,-156.47,71.96,9.17
295,Balikpapan,20,ID,1547960400,83,-1.24,116.86,84.2,3.36
296,San Juan,40,PR,1547960160,78,18.47,-66.12,75.02,14.67
297,Torrevieja,92,ES,1547962200,93,37.98,-0.68,50.0,2.24
298,Manaus,0,BR,1547964000,100,-3.13,-59.98,75.2,2.93
299,San-Pedro,8,CI,1547964915,100,4.75,-6.64,72.66,8.97
300,Huntington,90,US,1547964180,95,40.87,-73.43,37.94,13.87
301,Sistranda,40,NO,1547963400,96,63.73,8.83,32.0,12.75
302,Waterlooville,90,GB,1547963400,100,50.88,-1.03,41.0,4.7
303,Penzance,92,GB,1547959800,87,50.12,-5.53,44.6,9.17
304,Boddam,8,GB,1547963400,92,57.47,-1.78,28.4,5.82
305,Turukhansk,64,RU,1547964923,83,65.8,87.96,5.25,10.76
306,Verkhnyaya Inta,0,RU,1547964924,65,65.99,60.32,-0.42,2.82
307,Guhagar,0,IN,1547964925,77,17.48,73.19,83.1,2.37
308,Salinas,1,US,1547964000,79,36.67,-121.66,55.04,1.59
309,Breves,80,BR,1547964928,100,-1.68,-50.48,75.81,3.83
310,Isangel,92,VU,1547964929,100,-19.55,169.27,78.87,20.49
311,Sitka,0,US,1547964931,71,37.17,-99.65,13.71,3.04
312,Dubuque,1,US,1547963700,72,42.5,-90.66,8.6,12.75
313,Puerto Leguizamo,92,CO,1547964933,99,-0.19,-74.78,71.22,2.59
314,Tromso,0,NO,1547963400,73,69.65,18.96,23.0,19.46
315,Saint George,40,GR,1547963400,100,39.45,22.34,39.2,2.59
316,Topolobampo,0,MX,1547964937,87,25.6,-109.05,64.38,11.88
317,Litovko,68,RU,1547964939,59,49.24,135.18,4.89,3.27
318,Maan,68,IN,1547964940,92,30.1,74.66,61.41,5.28
319,Maba,88,CN,1547964942,100,24.68,113.59,50.88,3.04
320,Great Falls,75,US,1547960280,59,47.5,-111.29,39.56,13.87
321,Dejen,0,ET,1547964944,48,10.16,38.15,59.88,2.37
322,Laguna,0,MX,1547964945,76,27.52,-110.01,55.92,2.04
323,Fairbanks,90,US,1547964240,83,64.84,-147.72,-0.41,3.04
324,Kundiawa,92,PG,1547964948,89,-6.02,144.97,64.83,2.26
325,Namibe,80,AO,1547964949,100,-15.19,12.15,74.73,3.49
326,Cuenca,92,ES,1547964951,94,40.07,-2.13,35.58,2.37
327,Cassilandia,8,BR,1547964952,97,-19.11,-51.73,67.08,2.93
328,Ordynskoye,56,RU,1547964953,93,54.37,81.9,25.68,13.89
329,Nokha,48,IN,1547964955,58,27.56,73.47,71.31,4.72
330,Celestun,56,MX,1547964934,100,20.87,-90.4,72.93,30.33
331,Grants Pass,90,US,1547963580,93,42.44,-123.33,46.4,5.82
332,Moctezuma,0,MX,1547964959,55,29.81,-109.68,40.26,2.04
333,Nanortalik,44,GL,1547964960,100,60.14,-45.24,24.06,21.72
334,La Ronge,20,CA,1547960400,73,55.1,-105.3,-29.21,5.82
335,Mehamn,80,NO,1547964963,92,71.03,27.85,22.71,10.98
336,Lakatoro,88,VU,1547964964,90,-16.11,167.42,83.1,8.75
337,Andapa,92,MG,1547964966,100,-14.66,49.65,69.78,2.71
338,Faanui,88,PF,1547964967,100,-16.48,-151.75,83.82,11.99
339,Igarka,76,RU,1547964968,82,67.47,86.57,5.79,13.44
340,Odienne,0,CI,1547964970,48,9.51,-7.57,57.9,5.73
341,Ulladulla,75,AU,1547960400,65,-35.36,150.48,77.0,11.41
342,Alyangula,40,AU,1547960400,79,-13.85,136.42,86.0,11.41
343,Indianola,1,US,1547963700,91,40.24,-100.42,23.0,5.82
344,Honningsvag,80,NO,1547964975,100,70.98,25.97,25.68,14.0
345,Mikhaylovka,8,RU,1547964977,58,52.96,103.29,16.77,3.49
346,Palmas Bellas,20,PA,1547964000,83,9.23,-80.09,78.8,8.05
347,Guerrero Negro,0,MX,1547964979,65,27.97,-114.04,52.41,5.95
348,Burnie,0,AU,1547964980,80,-41.05,145.91,70.86,14.56
349,Kingisepp,80,RU,1547964982,81,59.38,28.61,23.88,11.43
350,Souillac,68,FR,1547962200,100,45.6,-0.6,42.8,3.38
351,Gaziantep,0,TR,1547963400,92,37.06,37.38,30.2,2.59
352,Salalah,0,OM,1547963400,38,17.01,54.1,77.0,20.8
353,Victoria,75,BN,1547962200,79,5.28,115.24,86.0,11.41
354,Portland,90,US,1547964000,92,45.52,-122.67,46.04,4.7
355,Ewo,0,CG,1547964990,89,-0.88,14.81,71.58,6.62
356,Poplar Bluff,90,US,1547963700,74,36.76,-90.39,30.2,17.22
357,Curuca,12,BR,1547964993,96,-2.52,-61.06,75.0,2.48
358,Aklavik,90,CA,1547960400,76,68.22,-135.01,-5.81,2.24
359,Alofi,88,NU,1547964000,88,-19.06,-169.92,82.4,4.7
360,Zhangjiakou,0,CN,1547964997,25,40.77,114.88,22.71,12.21
361,Pachino,64,IT,1547964998,100,36.72,15.09,53.94,3.49
362,Matagami,0,NG,1547965000,71,9.67,8.4,58.26,2.59
363,Ossora,88,RU,1547965001,93,59.24,163.07,30.36,21.5
364,Skole,76,UA,1547965003,75,49.04,23.51,12.45,2.71
365,Puerto Baquerizo Moreno,92,EC,1547965004,100,-0.9,-89.6,77.97,11.21
366,Rocha,12,UY,1547965005,84,-34.48,-54.34,56.73,4.72
367,San Quintin,0,PH,1547965007,59,17.54,120.52,83.55,2.15
368,Khilok,32,RU,1547965008,41,51.36,110.46,23.43,10.65
369,Assiniboia,88,CA,1547965009,77,49.63,-105.99,11.28,11.77
370,Verkhnevilyuysk,80,RU,1547965011,76,63.45,120.31,-12.12,5.73
371,Oyama,20,JP,1547964000,32,36.31,139.8,53.6,9.17
372,Luganville,80,VU,1547965013,100,-15.51,167.18,81.3,8.75
373,Nabire,44,ID,1547965015,71,-3.36,135.5,81.66,2.15
374,Stromness,90,CA,1547963640,87,42.87,-79.55,15.98,21.92
375,Doha,0,QA,1547964000,55,25.29,51.53,60.8,10.29
376,Ostashkov,88,RU,1547965019,92,57.14,33.12,24.42,21.72
377,Atasu,12,KZ,1547965020,89,48.68,71.64,22.71,8.75
378,Sicamous,90,CA,1547962560,83,50.84,-118.99,32.0,2.24
379,Tiarei,75,PF,1547964000,69,-17.53,-149.33,82.4,3.36
380,Krasnyy Kholm,76,RU,1547965024,88,58.06,37.11,20.46,16.02
381,Santa Fe,0,AR,1547964740,90,-31.62,-60.7,59.52,7.4
382,Shakawe,24,BW,1547965027,88,-18.36,21.84,72.03,4.61
383,Nuevo Progreso,1,US,1547963700,40,26.05,-97.95,57.02,9.17
384,Maralal,0,KE,1547965029,67,1.1,36.7,66.27,3.27
385,Maniitsoq,76,GL,1547965031,100,65.42,-52.9,16.14,7.18
386,Biak,20,ID,1547965032,83,-0.91,122.88,85.44,2.59
387,Yatou,75,CM,1547960400,100,3.63,9.81,75.2,3.36
388,Tawau,75,MY,1547960400,66,4.26,117.89,87.8,5.82
389,Brewster,90,US,1547964480,89,41.76,-70.08,37.04,13.87
390,Grand Gaube,40,MU,1547964000,66,-20.01,57.66,86.0,16.11
391,Ambositra,32,MG,1547965039,89,-20.53,47.24,72.03,3.15
392,Praia da Vitoria,20,PT,1547960400,87,38.73,-27.07,55.4,7.29
393,Hami,0,CN,1547965042,80,42.84,93.51,27.21,2.15
394,Platteville,1,US,1547963700,77,42.73,-90.48,5.0,6.93
395,Kharp,0,RU,1547965044,25,66.82,65.8,-17.07,2.48
396,Port Augusta,0,AU,1547960400,29,-32.49,137.76,87.8,13.87
397,Belyy Yar,56,RU,1547964000,84,53.6,91.39,3.2,3.38
398,Khomeyn,0,IR,1547964000,68,33.64,50.08,28.4,2.82
399,Ponta Delgada,20,PT,1547962200,87,37.73,-25.67,51.8,5.82
400,Atikokan,0,CA,1547965051,35,48.76,-91.62,-24.27,4.5
401,Avera,90,US,1547963700,83,33.19,-82.53,59.0,5.82
402,Ixtapa,20,MX,1547963160,100,20.71,-105.21,68.0,4.7
403,Raducaneni,90,RO,1547962200,79,46.95,27.93,26.6,13.87
404,Pochinok,76,RU,1547965056,87,54.4,32.44,21.0,19.71
405,Xunchang,92,CN,1547965057,92,28.45,104.71,43.68,3.15
406,Kirensk,76,RU,1547965059,67,57.78,108.12,20.28,6.73
407,Tierra Colorada,90,MX,1547962980,94,17.17,-99.53,75.2,2.24
408,Cerrito,40,CO,1547960400,88,6.84,-72.7,71.6,2.24
409,Qasigiannguit,88,GL,1547963400,77,68.82,-51.19,-0.41,11.41
410,Severo-Yeniseyskiy,88,RU,1547965064,71,60.37,93.04,17.4,4.61
411,Kwinana,0,AU,1547962200,22,-32.25,115.77,109.4,16.11
412,Marrakesh,40,MA,1547962200,71,31.63,-7.99,51.8,8.05
413,Carutapera,80,BR,1547965068,95,-1.2,-46.02,77.7,5.61
414,Haines Junction,36,CA,1547965069,71,60.75,-137.51,-13.02,2.26
415,Dingle,92,PH,1547965004,98,11.0,122.67,75.18,11.32
416,Kouqian,36,CN,1547965072,49,43.66,126.5,14.34,10.98
417,West Bay,75,GB,1547963400,93,50.71,-2.76,41.0,5.82
418,Coquimbo,0,CL,1547964000,93,-29.95,-71.34,57.2,4.7
419,Vestmannaeyjar,48,IS,1547965076,100,63.44,-20.27,36.03,22.17
420,Blagoyevo,36,RU,1547965077,85,63.37,47.92,8.76,3.27
421,Lanxi,80,CN,1547965079,79,29.21,119.46,47.1,4.61
422,Novyy Urengoy,0,RU,1547965080,58,66.08,76.63,-6.27,9.53
423,Ulaangom,8,MN,1547965081,81,49.98,92.07,3.81,2.48
424,Hofn,0,IS,1547964939,100,64.25,-15.21,35.4,16.13
425,Lakes Entrance,0,AU,1547965084,78,-37.88,147.99,72.66,6.96
426,Keflavik,75,IS,1547964000,100,64.0,-22.56,32.0,20.8
427,Murray Bridge,0,AU,1547965087,65,-35.12,139.28,76.35,10.09
428,Grenfell,64,AU,1547965088,84,-33.9,148.16,83.01,2.71
429,Kampong Thum,0,KH,1547965089,41,12.71,104.89,93.99,7.85
430,Peniche,20,PT,1547962200,76,39.36,-9.38,53.6,17.22
431,Sao Felix do Xingu,92,BR,1547965092,100,-6.64,-51.99,69.51,2.15
432,Darnah,92,LY,1547965093,100,32.77,22.64,58.44,23.85
433,Calvinia,0,ZA,1547963040,34,-31.47,19.78,66.2,14.99
434,Wattegama,44,LK,1547965096,61,7.35,80.68,79.86,6.96
435,Orange Walk,40,JM,1547964000,69,17.93,-76.27,77.0,9.17
436,Chumikan,0,RU,1547965099,51,54.72,135.31,-3.66,5.39
437,Ukhta,68,RU,1547965100,78,63.56,53.68,10.56,3.15
438,Awbari,0,LY,1547965102,67,26.59,12.77,47.46,7.85
439,Bin Qirdan,0,TN,1547965103,88,33.14,11.22,42.24,9.31
440,Smithers,90,CA,1547960520,67,54.78,-127.17,37.4,10.29
441,Betare Oya,0,CM,1547965106,76,5.6,14.08,63.93,2.59
442,Afrikanda,36,RU,1547965107,68,67.44,32.78,-5.46,2.15
443,Birao,0,CF,1547965108,46,10.3,22.78,60.96,12.44
444,Homer,1,US,1547963580,80,59.64,-151.54,19.04,15.12
445,Bonthe,0,SL,1547965079,99,7.53,-12.5,75.72,2.93
446,Vasterhaninge,0,SE,1547963400,79,59.12,18.1,21.2,6.93
447,Kanigoro,20,ID,1547965113,94,-8.13,112.22,83.19,10.31
448,Teno,0,CL,1547964000,82,-34.87,-71.16,59.0,4.7
449,Eureka,90,US,1547963700,100,40.8,-124.16,57.92,3.36
450,Campos Belos,92,BR,1547965117,95,-13.04,-46.77,68.16,6.06
451,Zbarazh,76,UA,1547965119,91,49.66,25.78,19.83,7.96
452,Suntar,64,RU,1547965120,71,62.16,117.65,-2.4,3.71
453,Fukue,75,JP,1547964000,87,35.03,136.69,44.6,12.75
454,Znamenskoye,88,RU,1547965123,88,57.13,73.82,16.23,6.85
455,Marion,1,US,1547963760,83,38.35,-97.02,17.6,3.94
456,Livingston,90,US,1547963760,80,32.58,-88.19,37.94,12.75
457,Aitape,76,PG,1547965127,100,-3.15,142.36,80.13,4.38
458,Okahandja,0,NA,1547964000,12,-21.98,16.91,75.2,10.29
459,Haldibari,0,IN,1547965129,43,26.34,88.78,76.53,3.71
460,Zhanaozen,24,KZ,1547965129,79,43.35,52.85,26.94,4.83
461,Viedma,0,AR,1547965132,34,-40.81,-62.99,74.55,18.81
462,Antonina,90,BR,1547960400,93,-25.43,-48.71,64.4,8.05
463,Ipixuna,40,BR,1547964000,100,-1.76,-48.8,75.2,6.93
464,Shingu,75,JP,1547964000,62,33.72,135.99,55.4,18.34
465,Singaraja,76,ID,1547965137,94,-8.11,115.08,79.23,2.37
466,Katiola,20,CI,1547960400,100,8.14,-5.1,69.8,6.93
467,Yichang,68,CN,1547965140,85,30.77,111.32,45.66,6.73
468,Lazaro Cardenas,0,MX,1547965141,61,28.39,-105.62,31.8,2.82
469,Conde,20,BR,1547965143,96,-11.81,-37.61,76.53,5.73
470,Santa Rita,20,VE,1547965145,96,10.21,-67.56,63.48,2.26
471,Russell,0,AR,1547964000,72,-33.01,-68.8,68.0,3.36
472,Gold Coast,0,AU,1547964000,61,-28.0,153.41,82.4,10.29
473,Hualmay,8,PE,1547965149,95,-11.1,-77.61,64.2,2.93
474,Valparaiso,90,US,1547963760,67,41.47,-87.06,19.4,12.75
475,Prince Rupert,90,CA,1547960400,93,54.32,-130.32,41.0,17.22
476,Mobaye,0,CF,1547965153,85,4.33,21.18,71.04,2.15
477,Morondava,88,MG,1547965154,79,-20.3,44.28,87.51,6.17
478,Bandarbeyla,92,SO,1547965155,100,9.49,50.81,75.54,16.13
479,Kirksville,1,US,1547962500,91,40.19,-92.58,5.0,11.41
480,Mandi Bahauddin,88,PK,1547965158,77,32.58,73.49,52.68,6.29
481,Derzhavinsk,8,KZ,1547965159,95,51.1,66.31,24.78,8.75
482,Buraydah,0,SA,1547964000,70,26.33,43.97,48.2,9.17
483,Chapais,1,CA,1547963340,65,49.78,-74.86,-36.41,3.36
484,Kil,0,SE,1547963400,92,59.5,13.32,15.8,3.36
485,Challapata,36,BO,1547965165,83,-18.9,-66.78,29.73,2.71
486,Mayor Pablo Lagerenza,68,PY,1547965166,64,-19.93,-60.77,77.88,6.85
487,Hailar,0,CN,1547965167,70,49.2,119.7,11.82,9.31
488,Remontnoye,75,RU,1547964000,92,46.56,43.66,32.0,8.95
489,Price,1,US,1547963580,87,39.6,-110.81,15.98,4.7
490,Havoysund,80,NO,1547963400,62,71.0,24.66,24.8,24.16
491,Turbat,64,PK,1547965173,79,26.0,63.05,67.98,4.38
492,El Carmen,90,AR,1547964000,93,-24.39,-65.26,62.6,5.82
493,Pastavy,92,BY,1547965176,92,55.11,26.84,27.48,21.27
494,Watertown,90,US,1547963700,61,44.9,-97.12,-0.94,9.17
495,Sibolga,88,ID,1547964932,90,1.74,98.78,76.08,2.71
496,Upington,0,ZA,1547964000,14,-28.46,21.24,77.0,3.36
497,Rovaniemi,0,FI,1547963400,83,66.5,25.72,-4.01,11.41
498,Gizo,0,IL,1547963400,81,31.8,34.94,50.0,2.24
499,Praya,40,ID,1547964000,55,-8.71,116.27,91.4,10.29
500,Saint Anthony,90,US,1547964480,88,43.97,-111.68,33.08,5.39
501,Alice Springs,8,AU,1547962200,9,-23.7,133.88,107.6,17.22
502,Pimenta Bueno,68,BR,1547965187,97,-11.68,-61.19,71.13,2.37
503,Pasni,20,PK,1547965188,100,25.26,63.48,69.24,1.92
504,Buala,76,SB,1547965190,88,-8.15,159.59,84.54,0.92
505,Inirida,68,CO,1547965191,98,3.87,-67.92,73.11,2.15
506,Kuito,32,AO,1547965192,66,-12.38,16.94,63.75,9.75
507,Tabou,80,CI,1547965194,100,4.42,-7.36,78.78,7.74
508,Honiara,48,SB,1547965195,83,-9.43,159.96,82.47,2.37
509,Comodoro Rivadavia,0,AR,1547964000,31,-45.87,-67.48,75.2,9.17
510,Tynda,8,RU,1547965198,66,55.15,124.74,-10.41,2.71
511,Vila Franca do Campo,20,PT,1547962200,87,37.72,-25.43,51.8,5.82
512,Beloha,36,MG,1547965200,61,-25.17,45.06,87.24,3.71
513,Sarangani,8,PH,1547965202,95,5.4,125.46,81.84,25.3
514,Huacho,8,PE,1547965204,95,-11.11,-77.61,64.2,2.93
515,Christchurch,0,NZ,1547964000,30,-43.53,172.64,71.6,18.34
516,Dehloran,0,IR,1547965206,82,32.69,47.27,39.9,3.27
517,Nekhayevskiy,64,RU,1547965208,87,50.41,41.76,15.24,6.4
518,Constitucion,0,MX,1547965008,73,23.99,-104.67,32.7,2.82
519,Butte,90,US,1547963580,88,46.01,-112.54,32.0,5.73
520,Churapcha,24,RU,1547965211,0,62.0,132.43,-38.22,2.71
521,Dunedin,56,NZ,1547964950,67,-45.87,170.5,59.7,20.83
522,Dawlatabad,88,AF,1547965015,100,36.41,64.91,33.33,4.94
523,Brno,0,CZ,1547962200,86,49.19,16.61,26.6,6.93
524,Hammerfest,80,NO,1547963400,62,70.66,23.68,24.8,24.16
525,Idaho Falls,90,US,1547964480,88,43.49,-112.04,33.08,7.52
526,Mackay,20,CA,1547960400,84,53.65,-115.58,5.0,5.82
527,Mazamet,90,FR,1547962200,86,43.49,2.38,42.8,8.05
528,Ondjiva,88,AO,1547965222,100,-17.07,15.73,66.81,1.14
529,Lugovoy,36,RU,1547965224,86,59.72,65.88,18.03,5.84
530,Port Lavaca,1,US,1547963700,62,28.61,-96.63,44.06,9.17
531,Kodinsk,76,RU,1547965226,70,58.6,99.18,21.0,4.5
532,Yasnyy,80,RU,1547965227,79,64.04,44.09,10.47,2.93
533,Chistogorskiy,8,RU,1547965229,69,53.98,87.38,15.06,2.71
534,Talakan,48,RU,1547965230,52,50.29,130.28,-4.56,5.95
535,Magburaka,0,SL,1547965231,78,8.72,-11.95,62.94,2.93
